{
    "discussion": [
        [
            -15,
            -3,
            10
        ],
        [
            10,
            10,
            22
        ]
    ],
    "vrheadset": [
        [
            -5,
            -3,
            4.5
        ],
        [
            10,
            10,
            22
        ]
    ],
    "trimming": [
        [
            -5,
            -3,
            4.5
        ],
        [
            10,
            10,
            22
        ]
    ],
    "coffee_martini_colmap": [
        [
            -5,
            -5.5,
            9
        ],
        [
            8,
            7,
            17
        ]
    ],
    "flame_salmon_1": [
        [
            -5,
            -5.5,
            9
        ],
        [
            8,
            7,
            17
        ]
    ],
    "cook_spinach_colmap": [
        [
            -14,
            -3,
            9
        ],
        [
            8,
            9,
            17
        ]
    ],
    "cut_roasted_beef_colmap": [
        [
            -13,
            -1.5,
            7
        ],
        [
            8,
            10,
            17
        ]
    ],
    "sear_steak": [
        [
            -14,
            -3,
            9
        ],
        [
            7,
            8,
            17
        ]
    ],
    "flame_steak_colmap": [
        [
            -14,
            -3,
            9
        ],
        [
            8,
            9,
            17
        ]
    ],
    "hdVideos": [
        [
            -295.81165649043334,
            -323.9315005243466,
            -382.47891859931894
        ],
        [
            299.102985668768,
            280.90788447947284,
            292.646615628036
        ]
    ]
}